תאריך,סכום,קטגוריה,תת-קטגוריה,תיאור,סוג,משויך לחודש,קטגוריות,סוג חיוב
11/9/2025 12:00am,₪75.00,אוכל,אוכל בחוץ,יאשקה,הוצאה,September,,ויזה 6346
19/8/2025 12:00am,₪628.00,אוכל,סופר,,הוצאה,September,,כאל 6660
11/8/2025 12:00am,₪28.00,אוכל,אוכל בחוץ,סופרטל רמת השרון,הוצאה,August,,ויזה 6346
30/8/2025 12:00am,₪50.40,אוכל,אוכל בחוץ,יובל,הוצאה,September,,
20/8/2025 12:00am,₪87.00,אוכל,אוכל בחוץ,,הוצאה,September,,ויזה 6346
31/7/2025 12:00am,₪35.00,אוכל,אוכל בחוץ,צהריים עבודה,הוצאה,August,,ויזה 6346
4/8/2025 12:00am,₪52.00,אוכל,אוכל בחוץ,פגישה עם אפרת buy the way,הוצאה,August,,ויזה 6346
1/1/2025 12:00am,₪655.00,אוכל,סופר,אין,הוצאה,January,,ויזה 6346
9/8/2025 12:00am,₪17.00,אוכל,סופר,,הוצאה,August,,ויזה 6346
16/9/2025 12:00am,₪30.00,אוכל,אוכל בחוץ,סביח,הוצאה,October,,ויזה 6346
9/9/2025 12:00am,₪57.00,אוכל,אוכל בחוץ,יאשקה,הוצאה,September,,ויזה 6346
30/8/2025 12:00am,₪18.28,אוכל,מזדמנים,,הוצאה,September,,ויזה 6346
1/2/2025 12:00am,₪906.00,אוכל,אוכל בחוץ,אין,הוצאה,February,,ויזה 6346
30/8/2025 12:00am,₪16.50,אוכל,מזדמנים,,הוצאה,September,,ויזה 6346
10/8/2025 12:00am,₪1819.00,אוכל,סופר,,הוצאה,August,,כאל 6660
19/8/2025 12:00am,₪102.00,אוכל,אוכל בחוץ,,הוצאה,September,,ויזה 6346
1/5/2025 12:00am,₪2254.00,אוכל,סופר,אין,הוצאה,May,,כאל 6660
14/7/2025 12:00am,₪307.00,אוכל,מסעדות ומשלוחים,וולט למלון יום הולדת יובי,הוצאה,July,,ויזה 6346
14/9/2025 12:00am,₪20.00,אוכל,מזדמנים,,הוצאה,September,,ויזה 6346
26/7/2025 12:00am,₪62.00,אוכל,אוכל בחוץ,,הוצאה,August,,ויזה 6346
30/8/2025 12:00am,₪74.00,אוכל,אוכל בחוץ,,הוצאה,September,,ויזה 6346
3/9/2025 12:00am,₪57.00,אוכל,אוכל בחוץ,יאשקה,הוצאה,September,,ויזה 6346
20/8/2025 12:00am,₪57.00,אוכל,אוכל בחוץ,צהריים בעבודה,הוצאה,September,,ויזה 6346
28/8/2025 12:00am,₪57.00,אוכל,אוכל בחוץ,יאשקה,הוצאה,September,,ויזה 6346
16/9/2025 12:00am,₪437.00,אוכל,מסעדות ומשלוחים,מסעדות עם יובי,הוצאה,October,,כאל 6660
1/7/2025 12:00am,₪572.00,אוכל,אוכל בחוץ,אין,הוצאה,July,,ויזה 6346
24/7/2025 12:00am,₪57.00,אוכל,אוכל בחוץ,צהריים עבודה,הוצאה,August,,ויזה 6346
19/8/2025 12:00am,₪70.80,אוכל,סופר,,הוצאה,September,,כאל 6660
14/9/2025 12:00am,₪2669.00,אוכל,סופר,,הוצאה,September,,כאל 6660
30/8/2025 12:00am,₪36.00,אוכל,אוכל בחוץ,,הוצאה,September,,ויזה 6346
24/8/2025 12:00am,₪105.00,אוכל,אוכל בחוץ,,הוצאה,September,,ויזה 6346
16/7/2025 12:00am,₪57.00,אוכל,אוכל בחוץ,צהריים עבודה,הוצאה,August,,ויזה 6346
21/8/2025 12:00am,₪114.00,אוכל,סופר,,הוצאה,September,,ויזה 6346
17/9/2025 12:00am,₪57.00,אוכל,אוכל בחוץ,יאשקה,הוצאה,October,,ויזה 6346
15/8/2025 12:00am,₪10.00,אוכל,מזדמנים,,הוצאה,August,,ויזה 6346
1/5/2025 12:00am,₪388.00,אוכל,מזדמנים,אין,הוצאה,May,,ויזה 6346
1/4/2025 12:00am,₪2047.00,אוכל,סופר,אין,הוצאה,April,,כאל 6660
1/2/2025 12:00am,₪2000.00,אוכל,סופר,אין,הוצאה,February,,כאל 6660
13/8/2025 12:00am,₪60.00,אוכל,אוכל בחוץ,צהריים עבודה,הוצאה,August,,ויזה 6346
21/8/2025 12:00am,₪68.00,אוכל,אוכל בחוץ,המבורגר בעבודה,הוצאה,September,,ויזה 6346
1/5/2025 12:00am,₪778.00,אוכל,אוכל בחוץ,אין,הוצאה,May,,ויזה 6346
30/8/2025 12:00am,₪13.00,אוכל,מזדמנים,,הוצאה,September,,ויזה 6346
23/8/2025 12:00am,₪307.00,אוכל,מסעדות ומשלוחים,מינה טומי,הוצאה,September,,ויזה 6346
30/8/2025 12:00am,₪61.86,אוכל,סופר,,הוצאה,September,,ויזה 6346
1/7/2025 12:00am,₪2084.00,אוכל,סופר,אין,הוצאה,July,,כאל 6660
1/3/2025 12:00am,₪2136.00,אוכל,סופר,אין,הוצאה,March,,כאל 6660
9/9/2025 12:00am,₪38.00,אוכל,אוכל בחוץ,אבולעפיה,הוצאה,September,,ויזה 6346
19/8/2025 12:00am,₪144.00,אוכל,אוכל בחוץ,גחנון של שבת,הוצאה,September,,ביט/פייבוקס
18/7/2025 12:00am,₪10.00,אוכל,אוכל בחוץ,,הוצאה,August,,ויזה 6346
31/7/2025 12:00am,₪14.00,אוכל,אוכל בחוץ,צהריים עבודה,הוצאה,August,,ויזה 6346
1/6/2025 12:00am,₪1871.00,אוכל,סופר,אין,הוצאה,June,,כאל 6660
7/8/2025 12:00am,₪57.00,אוכל,אוכל בחוץ,צהריים עבודה,הוצאה,August,,ויזה 6346
29/8/2025 12:00am,₪219.00,אוכל,אוכל בחוץ,,הוצאה,September,,ויזה 6346
1/6/2025 12:00am,₪1155.00,אוכל,אוכל בחוץ,אין,הוצאה,June,,ויזה 6346
20/7/2025 12:00am,₪11.00,אוכל,אוכל בחוץ,,הוצאה,August,,ויזה 6346
23/7/2025 12:00am,₪41.00,אוכל,מזדמנים,ישיבה עם אדיר ועדי,הוצאה,August,,ויזה 6346
18/8/2025 12:00am,₪120.00,אוכל,סופר,"מתחם 22 בע""מ סופרמרקט S",הוצאה,September,,כאל 6660
1/4/2025 12:00am,₪424.00,אוכל,אוכל בחוץ,אין,הוצאה,April,,ויזה 6346
1/1/2025 12:00am,₪582.00,אוכל,אוכל בחוץ,אין,הוצאה,January,,ויזה 6346
4/9/2025 12:00am,₪9.00,אוכל,מזדמנים,,הוצאה,September,,ויזה 6346
1/3/2025 12:00am,₪846.00,אוכל,אוכל בחוץ,אין,הוצאה,March,,ויזה 6346
30/9/2025 12:00am,₪57.00,אוכל,אוכל בחוץ,יאשקה,הוצאה,October,,ויזה 6346
1/10/2025 12:00am,₪428.00,אוכל,סופר,,הוצאה,October,,כאל 6660
5/10/2025 12:00am,₪57.00,אוכל,אוכל בחוץ,יאשקה,הוצאה,October,,ויזה 6346
8/10/2025 12:00am,₪35.00,אוכל,מזדמנים,מאפייה רמת שרון,הוצאה,October,,ויזה 6346
8/10/2025 12:00am,₪8.00,אוכל,מזדמנים,,הוצאה,October,,ויזה 6346
9/10/2025 12:00am,₪30.00,אוכל,מזדמנים,סביח,הוצאה,October,,ויזה 6346
12/10/2025 12:00am,₪57.00,אוכל,אוכל בחוץ,יאשקה,הוצאה,October,,ויזה 6346
10/10/2025 12:00am,₪1097.00,אוכל,סופר,סיכום הוצאות סופר ,הוצאה,October,,כאל 6660
10/10/2025 12:00am,₪1085.00,אוכל,אוכל בחוץ,סיכום אוכל בחוץ,הוצאה,October,,כאל 6660
16/10/2025 12:00am,₪10.00,אוכל,סופר,,הוצאה,November,,ויזה 6346
15/10/2025 12:00am,₪29.00,אוכל,מזדמנים,אבולעפיה,הוצאה,October,,ויזה 6346
16/10/2025 12:00am,₪78.00,אוכל,אוכל בחוץ,פלפל כדורי,הוצאה,November,,ויזה 6346
17/10/2025 12:00am,₪10.00,אוכל,מזדמנים,קפה,הוצאה,November,,ויזה 6346
22/10/2025 12:00am,₪71.00,אוכל,אוכל בחוץ,יאשקה,הוצאה,November,,ויזה 6346
23/10/2025 12:00am,₪311.00,אוכל,מסעדות ומשלוחים,חומוס בעבודה הוחזר בביט 235 שח,הוצאה,November,,ויזה 6346
29/10/2025 12:00am,₪57.00,אוכל,אוכל בחוץ,יאשקה,הוצאה,November,,ויזה 6346
26/10/2025 1:00am,₪16.00,אוכל,מזדמנים,סופרטל ליד העבודה,הוצאה,November,,ויזה 6346
31/10/2025 12:00am,₪17.00,אוכל,מזדמנים,שושה,הוצאה,November,,ויזה 6346
1/11/2025 12:00am,₪414.00,אוכל,מסעדות ומשלוחים,מינה טומיי | חיפה,הוצאה,November,,ויזה 6346
5/11/2025 12:00am,₪105.00,אוכל,אוכל בחוץ,חומוס אבו ברקוביץ,הוצאה,November,,ויזה 6346
6/11/2025 12:00am,₪35.00,אוכל,אוכל בחוץ,חומוס אבו ברקוביץ,הוצאה,November,,ויזה 6346
9/11/2025 12:00am,₪19.90,אוכל,מזדמנים,סופרטל רמת השרון,הוצאה,November,,ויזה 6346
12/11/2025 12:00am,₪142.00,אוכל,אוכל בחוץ,מאמא שווארמה,הוצאה,November,,ויזה 6346
13/11/2025 12:00am,₪47.00,אוכל,אוכל בחוץ,מאמא שווארמה,הוצאה,November,,ויזה 6346
13/11/2025 12:00am,₪2250.92,אוכל,סופר,כל הוצאות סופר כאל,הוצאה,November,,כאל 6660
13/11/2025 12:00am,₪524.00,אוכל,מסעדות ומשלוחים,אוכל בחוץ שלי ושל יובי,הוצאה,November,,כאל 6660
7/11/2025 12:00am,₪78.00,אוכל,סופר,בייגלים ארוחה לאבא,הוצאה,November,,כאל 6660
15/11/2025 12:00am,₪26.10,אוכל,סופר,,הוצאה,November,,ויזה 6346
18/11/2025 12:00am,₪70.00,אוכל,אוכל בחוץ,נונו מימי,הוצאה,December,,ויזה 6346
19/11/2025 12:00am,₪57.00,אוכל,אוכל בחוץ,יאשקה,הוצאה,December,,ויזה 6346
17/11/2025 12:00am,₪17.71,אוכל,מזדמנים,מאפייה,הוצאה,December,,ויזה 6346
22/11/2025 12:00am,₪15.00,אוכל,מזדמנים,,הוצאה,December,,ויזה 6346
23/11/2025 12:00am,₪29.00,אוכל,אוכל בחוץ,בנדיקט רעננה פארק,הוצאה,December,,ויזה 6346
26/11/2025 12:00am,₪48.00,אוכל,אוכל בחוץ,פיצה ביס,הוצאה,December,,ויזה 6346
27/11/2025 12:00am,₪60.00,אוכל,אוכל בחוץ,מאמא שווארמה,הוצאה,December,,ויזה 6346
14/12/2025 12:00am,₪1404.00,אוכל,סופר,סיכום חיובי סופר,הוצאה,December,,כאל 6660
14/12/2025 12:00am,₪493.00,אוכל,אוכל בחוץ,,הוצאה,December,,כאל 6660
28/11/2025 12:00am,₪156.00,אוכל,אוכל בחוץ,שישי שוק לוינסקי,הוצאה,December,,ויזה 6346
4/12/2025 12:00am,₪30.00,אוכל,אוכל בחוץ,סביח,הוצאה,December,,ויזה 6346
5/12/2025 12:00am,₪32.40,אוכל,מזדמנים,גלידה,הוצאה,December,,ויזה 6346
7/12/2025 12:00am,₪64.00,אוכל,סופר,,הוצאה,December,,ויזה 6346
31/12/2025 12:00am,₪1336.00,אוכל,סופר,סיכום עסקאות סופר דצמבר,הוצאה,January,,כאל 6660
30/12/2025 12:00am,₪112.00,אוכל,אוכל בחוץ,שושה צופית,הוצאה,January,,כאל 6660
15/12/2025 12:00am,₪78.00,אוכל,מסעדות ומשלוחים,וולט נטע ואפק,הוצאה,December,,כאל 6660
18/12/2025 12:00am,₪113.00,אוכל,סופר,סופר בעבודה ,הוצאה,January,,ויזה 6346
4/1/2026 12:00am,₪82.00,אוכל,אוכל בחוץ,יאשקה,הוצאה,January,,ויזה 6346
5/1/2026 12:00am,₪49.00,אוכל,מזדמנים,,הוצאה,January,,ויזה 6346
7/1/2026 12:00am,₪43.80,אוכל,סופר,מאפית שיבולת השרון,הוצאה,January,,ויזה 6346
8/1/2026 12:00am,₪127.00,אוכל,מזדמנים,פגישה עם שושי וצהריים בעבודה,הוצאה,January,,ויזה 6346
8/9/2025 12:00am,₪714.00,בית,מכשירי חשמל,מק תשלום 3,הוצאה,September,,ביט/פייבוקס
19/8/2025 12:00am,₪849.37,בית,חשמל,,הוצאה,September,,ביט/פייבוקס
10/8/2025 12:00am,₪178.00,בית,אלי אקספרס,אין,הוצאה,August,,ויזה 6346
1/2/2025 12:00am,₪175.00,בית,אלי אקספרס,אין,הוצאה,February,,ויזה 6346
1/8/2025 12:00am,₪1914.00,בית,מכשירי חשמל,מקבוק תשלום 2,הוצאה,August,,ביט/פייבוקס
1/5/2025 12:00am,₪76.00,בית,תיקונים,אין,הוצאה,May,,ויזה 6346
3/8/2025 12:00am,₪750.00,בית,מכשירי חשמל,ממירים חדשים,הוצאה,August,,מזומן
1/3/2025 12:00am,₪4100.00,בית,שכר דירה,אין,הוצאה,March,,צ'ק
1/4/2025 12:00am,₪4100.00,בית,שכר דירה,אין,הוצאה,April,,צ'ק
1/8/2025 12:00am,₪4100.00,בית,שכר דירה,אין,הוצאה,August,,צ'ק
1/5/2025 12:00am,₪4100.00,בית,שכר דירה,אין,הוצאה,May,,צ'ק
10/9/2025 12:00am,₪4100.00,בית,שכר דירה,,הוצאה,September,,צ'ק
1/7/2025 12:00am,₪1914.00,בית,מכשירי חשמל,מקבוק תשלום 1,הוצאה,July,,ביט/פייבוקס
1/8/2025 12:00am,₪144.00,בית,מכשירי חשמל,מכונת תספורת חדשה,הוצאה,August,,ויזה 6346
1/4/2025 12:00am,₪1101.00,בית,מכשירי חשמל,דייסון,הוצאה,April,,ויזה 6346
1/7/2025 12:00am,₪4100.00,בית,שכר דירה,אין,הוצאה,July,,צ'ק
3/8/2025 12:00am,₪661.00,בית,חשמל,אין,הוצאה,August,,ביט/פייבוקס
1/3/2025 12:00am,₪911.00,בית,חשמל,אין,הוצאה,March,,ביט/פייבוקס
1/6/2025 12:00am,₪429.00,בית,רהיטים,כסא מחשב,הוצאה,June,,ויזה 6346
1/1/2025 12:00am,₪4100.00,בית,שכר דירה,אין,הוצאה,January,,צ'ק
1/6/2025 12:00am,₪4100.00,בית,שכר דירה,אין,הוצאה,June,,צ'ק
1/4/2025 12:00am,₪364.00,בית,מכשירי חשמל,סוללה חדשה מחשב נייד,הוצאה,April,,ויזה 6346
1/2/2025 12:00am,₪4100.00,בית,שכר דירה,אין,הוצאה,February,,צ'ק
26/9/2025 12:00am,₪14.00,בית,תיקונים,חיבור לצינור,הוצאה,October,,ויזה 6346
2/10/2025 12:00am,₪780.00,בית,רהיטים,כסא מחשב חדש תשלום 1,הוצאה,October,,ויזה 6346
6/10/2025 12:00am,₪147.00,בית,רהיטים,DIY שולחן מחשב | הום סנטר,הוצאה,October,,ויזה 6346
10/10/2025 12:00am,₪90.00,בית,תיקונים,אדמה ועציץ חדש,הוצאה,October,,כאל 6660
13/10/2025 12:00am,₪4100.00,בית,שכר דירה,,הוצאה,October,,צ'ק
16/10/2025 12:00am,₪780.00,בית,רהיטים,כסא מחשב חיוב 2,הוצאה,November,,ויזה 6346
15/10/2025 12:00am,₪59.00,בית,תיקונים,אקדח צינור מים,הוצאה,October,,ויזה 6346
25/10/2025 12:00am,₪185.21,בית,רהיטים,זרוע לפרויקט של הכיסא | TEMU,הוצאה,November,,ויזה 6346
28/10/2025 12:00am,₪86.98,בית,תיקונים,חומרים לפרויקט כיסא,הוצאה,November,,ויזה 6346
10/11/2025 12:00am,₪4100.00,בית,שכר דירה,,הוצאה,November,,צ'ק
7/11/2025 12:00am,₪14.00,בית,תיקונים,,הוצאה,November,,ויזה 6346
24/10/2025 12:00am,₪810.00,בית,חשמל,חשבון חשמל אוגוסט - אוקטובר,הוצאה,November,,כאל 6660
8/11/2025 12:00am,₪84.27,בית,אלי אקספרס,דברים לבית,הוצאה,November,,כאל 6660
15/11/2025 12:00am,₪780.00,בית,רהיטים,כסא מחשב תשלום 3 מתוך 3,הוצאה,November,,ויזה 6346
10/12/2025 12:00am,₪4100.00,בית,שכר דירה,,הוצאה,December,,צ'ק
6/1/2026 12:00am,₪585.00,בית,חשמל,חשבון חשמל אוקטובר-דצמבר,הוצאה,January,,כאל 6660
1/1/2026 12:00am,₪177.00,בית,אחר,כביסה במכבסה,הוצאה,January,,כאל 6660
7/1/2026 12:00am,₪630.00,בית,מים,חשבון שנתי מים על יובי,הוצאה,January,,ויזה 6346
10/1/2026 12:00am,₪345.00,בית,מכשירי חשמל,טוסטר חדש,הוצאה,January,,ויזה 6346
10/1/2026 12:00am,₪4100.00,בית,שכר דירה,,הוצאה,January,,צ'ק
1/6/2025 12:00am,₪20.00,בריאות,תרופות,אין,הוצאה,June,,ויזה 6346
1/7/2025 12:00am,₪400.00,בריאות,פסיכולוגית,אין,הוצאה,July,,ויזה 6346
1/2/2025 12:00am,₪400.00,בריאות,פסיכולוגית,אין,הוצאה,February,,ויזה 6346
3/9/2025 12:00am,₪70.00,בריאות,ביטוח בריאות,הראל,הוצאה,September,,ויזה 6346
1/6/2025 12:00am,₪400.00,בריאות,פסיכולוגית,אין,הוצאה,June,,ויזה 6346
1/5/2025 12:00am,₪400.00,בריאות,פסיכולוגית,אין,הוצאה,May,,ויזה 6346
1/1/2025 12:00am,₪94.00,בריאות,ביטוח מכבי,אין,הוצאה,January,,ויזה 6346
18/8/2025 12:00am,₪33.00,בריאות,ביטוח מכבי,רופא אורולוג רמת השרון,הוצאה,September,,ויזה 6346
18/7/2025 12:00am,₪228.00,בריאות,תרופות,,הוצאה,August,,ויזה 6346
1/3/2025 12:00am,₪94.00,בריאות,ביטוח מכבי,אין,הוצאה,March,,ויזה 6346
1/4/2025 12:00am,₪94.00,בריאות,ביטוח מכבי,אין,הוצאה,April,,ויזה 6346
1/5/2025 12:00am,₪94.00,בריאות,ביטוח מכבי,אין,הוצאה,May,,ויזה 6346
1/5/2025 12:00am,₪343.00,בריאות,תרופות,אין,הוצאה,May,,ויזה 6346
1/1/2025 12:00am,₪400.00,בריאות,פסיכולוגית,אין,הוצאה,January,,ויזה 6346
24/7/2025 12:00am,₪400.00,בריאות,פסיכולוגית,,הוצאה,August,,ויזה 6346
20/8/2025 12:00am,₪400.00,בריאות,פסיכולוגית,,הוצאה,September,,ויזה 6346
1/2/2025 12:00am,₪94.00,בריאות,ביטוח מכבי,אין,הוצאה,February,,ויזה 6346
17/9/2025 12:00am,₪400.00,בריאות,פסיכולוגית,,הוצאה,October,,ביט/פייבוקס
1/6/2025 12:00am,₪227.00,בריאות,ביטוח מכבי,אין,הוצאה,June,,ויזה 6346
1/7/2025 12:00am,₪115.00,בריאות,ביטוח בריאות,אין,הוצאה,July,,ויזה 6346
1/2/2025 12:00am,₪230.00,בריאות,תרופות,אין,הוצאה,February,,ויזה 6346
1/3/2025 12:00am,₪400.00,בריאות,פסיכולוגית,אין,הוצאה,March,,ויזה 6346
3/8/2025 12:00am,₪69.00,בריאות,ביטוח בריאות,,הוצאה,August,,ויזה 6346
3/10/2025 12:00am,₪69.62,בריאות,ביטוח בריאות,הראל ביטוח בריאות,הוצאה,October,,הוראת קבע
8/10/2025 12:00am,₪331.00,בריאות,תרופות,תרופות וכדורים ליובי,הוצאה,October,,
15/10/2025 12:00am,₪400.00,בריאות,פסיכולוגית,נורית פייבוקס,הוצאה,October,,ביט/פייבוקס
3/11/2025 12:00am,₪69.22,בריאות,ביטוח בריאות,הראל,הוצאה,November,,ויזה 6346
10/11/2025 12:00am,₪563.00,בריאות,תרופות,משחה לטיפול פפילומה,הוצאה,November,,ויזה 6346
10/11/2025 12:00am,₪33.00,בריאות,ביטוח מכבי,,הוצאה,November,,ויזה 6346
12/11/2025 12:00am,₪400.00,בריאות,פסיכולוגית,,הוצאה,November,,ויזה 6346
2/12/2025 12:00am,₪36.43,בריאות,תרופות,תרופה לתאילנד,הוצאה,December,,ויזה 6346
3/12/2025 12:00am,₪400.00,בריאות,פסיכולוגית,,הוצאה,December,,ויזה 6346
3/12/2025 12:00am,₪69.56,בריאות,ביטוח בריאות,הראל ביטוח בריאות,הוצאה,December,,ויזה 6346
4/1/2026 12:00am,₪69.22,בריאות,ביטוח בריאות,הראל ביטוח בריאות,הוצאה,January,,ויזה 6346
4/1/2026 12:00am,₪742.96,בריאות,ביטוח מכבי,חיובים על חצי שנה ,הוצאה,January,,ויזה 6346
7/1/2026 12:00am,₪400.00,בריאות,פסיכולוגית,נורית,הוצאה,January,,ביט/פייבוקס
17/7/2025 12:00am,₪90.00,הוצאות משתנות,טבק,,הוצאה,August,,ויזה 6346
1/4/2025 12:00am,₪57.00,הוצאות משתנות,מיצי,אין,הוצאה,April,,ויזה 6346
4/8/2025 12:00am,₪180.00,הוצאות משתנות,מתנות,פרחים ליום הולדת של אמא,הוצאה,August,,ויזה 6346
1/6/2025 12:00am,₪529.00,הוצאות משתנות,מתנות,חתונה עדן יצחקוב,הוצאה,June,,ויזה 6346
7/8/2025 12:00am,₪98.00,הוצאות משתנות,טבק,,הוצאה,August,,ויזה 6346
28/8/2025 12:00am,₪443.00,הוצאות משתנות,מיצי,אנימל שופ | חול אוכל ושקיות,הוצאה,September,,ויזה 6346
1/2/2025 12:00am,₪180.00,הוצאות משתנות,תספורת,אין,הוצאה,February,,ויזה 6346
1/2/2025 12:00am,₪400.00,הוצאות משתנות,וויד,אין,הוצאה,February,,ויזה 6346
1/5/2025 12:00am,₪180.00,הוצאות משתנות,תספורת,אין,הוצאה,May,,ויזה 6346
9/9/2025 12:00am,₪180.00,הוצאות משתנות,תספורת,3 תספורות,הוצאה,September,,ויזה 6346
1/5/2025 12:00am,₪285.00,הוצאות משתנות,מיצי,אין,הוצאה,May,,ויזה 6346
1/7/2025 12:00am,₪180.00,הוצאות משתנות,תספורת,אין,הוצאה,July,,ויזה 6346
1/1/2025 12:00am,₪105.00,הוצאות משתנות,טבק,אין,הוצאה,January,,ויזה 6346
1/2/2025 12:00am,₪332.00,הוצאות משתנות,מיצי,אין,הוצאה,February,,ויזה 6346
1/2/2025 12:00am,₪90.00,הוצאות משתנות,טבק,אין,הוצאה,February,,ויזה 6346
1/6/2025 12:00am,₪117.00,הוצאות משתנות,מיצי,אין,הוצאה,June,,ויזה 6346
10/8/2025 12:00am,₪45.00,הוצאות משתנות,מתנות,סוללות ושנאים לאבא,הוצאה,August,,ויזה 6346
1/6/2025 12:00am,₪60.00,הוצאות משתנות,תספורת,אין,הוצאה,June,,ויזה 6346
22/8/2025 12:00am,₪90.00,הוצאות משתנות,מתנות,פרחים ליובי,הוצאה,September,,ויזה 6346
19/7/2025 12:00am,₪189.00,הוצאות משתנות,מיצי,אוכל למיצי,הוצאה,August,,ויזה 6346
1/1/2025 12:00am,₪185.00,הוצאות משתנות,מיצי,אין,הוצאה,January,,ויזה 6346
1/3/2025 12:00am,₪132.00,הוצאות משתנות,מנוי חיפה,אין,הוצאה,March,,ויזה 6346
1/4/2025 12:00am,₪514.00,הוצאות משתנות,מתנות,חתונה גל מזאה,הוצאה,April,,ויזה 6346
1/4/2025 12:00am,₪120.00,הוצאות משתנות,תספורת,אין,הוצאה,April,,ויזה 6346
8/8/2025 12:00am,₪140.00,הוצאות משתנות,מתנות,פרחים ליובי,הוצאה,August,,ויזה 6346
1/2/2025 12:00am,₪132.00,הוצאות משתנות,מנוי חיפה,אין,הוצאה,February,,ויזה 6346
14/9/2025 12:00am,₪109.00,הוצאות משתנות,טבק,,הוצאה,September,,ויזה 6346
1/9/2025 12:00am,₪132.00,הוצאות משתנות,מנוי חיפה,תשלום 4 מתוך 8,הוצאה,September,,ויזה 6346
1/3/2025 12:00am,₪260.00,הוצאות משתנות,תספורת,אין,הוצאה,March,,ויזה 6346
1/4/2025 12:00am,₪110.00,הוצאות משתנות,טבק,אין,הוצאה,April,,ויזה 6346
1/6/2025 12:00am,₪132.00,הוצאות משתנות,מנוי חיפה,אין,הוצאה,June,,ויזה 6346
3/8/2025 12:00am,₪120.00,הוצאות משתנות,תספורת,,הוצאה,August,,ויזה 6346
1/1/2025 12:00am,₪280.00,הוצאות משתנות,מתנות,אין,הוצאה,January,,ויזה 6346
1/1/2025 12:00am,₪132.00,הוצאות משתנות,מנוי חיפה,אין,הוצאה,January,,ויזה 6346
8/9/2025 12:00am,₪12.00,הוצאות משתנות,מתנות,לוטו,הוצאה,September,,ויזה 6346
1/2/2025 12:00am,₪70.00,הוצאות משתנות,מתנות,אין,הוצאה,February,,ויזה 6346
1/3/2025 12:00am,₪250.00,הוצאות משתנות,וויד,אין,הוצאה,March,,ויזה 6346
1/6/2025 12:00am,₪400.00,הוצאות משתנות,וויד,אין,הוצאה,June,,ויזה 6346
1/3/2025 12:00am,₪85.00,הוצאות משתנות,מתנות,אין,הוצאה,March,,ויזה 6346
1/3/2025 12:00am,₪275.00,הוצאות משתנות,מיצי,אין,הוצאה,March,,ויזה 6346
1/1/2025 12:00am,₪260.00,הוצאות משתנות,תספורת,אין,הוצאה,January,,ויזה 6346
28/8/2025 12:00am,₪90.00,הוצאות משתנות,טבק,,הוצאה,September,,ויזה 6346
1/7/2025 12:00am,₪132.00,הוצאות משתנות,מנוי חיפה,אין,הוצאה,July,,ויזה 6346
1/5/2025 12:00am,₪194.00,הוצאות משתנות,טבק,אין,הוצאה,May,,ויזה 6346
22/9/2025 12:00am,₪260.00,הוצאות משתנות,מתנות,פרחים לאמא וליובי לחג,הוצאה,October,,ויזה 6346
16/9/2025 12:00am,₪132.00,הוצאות משתנות,מנוי חיפה,מנוי חיפה,הוצאה,October,,ויזה 6346
4/10/2025 12:00am,₪10.00,הוצאות משתנות,מתנות,סיכת לב ליובי מדפסת תלת מימד,הוצאה,October,,ויזה 6346
2/10/2025 12:00am,₪180.00,הוצאות משתנות,מתנות,תרומה עמותת לתת,הוצאה,October,,כאל 6660
10/10/2025 12:00am,₪17.90,הוצאות משתנות,אחר,דמי כרטיס,הוצאה,October,,כאל 6660
16/10/2025 12:00am,₪132.00,הוצאות משתנות,מנוי חיפה,מנוי חיפה,הוצאה,November,,ויזה 6346
16/10/2025 12:00am,₪120.00,הוצאות משתנות,תספורת,אני ותומר,הוצאה,November,,ויזה 6346
18/10/2025 12:00am,₪124.25,הוצאות משתנות,מתנות,תרומה רום ברסלבסקי,הוצאה,November,,ויזה 6346
24/10/2025 12:00am,₪120.00,הוצאות משתנות,מתנות,פרחים ליובי,הוצאה,November,,ויזה 6346
28/10/2025 12:00am,₪238.00,הוצאות משתנות,מתנות,הספר הכחול לי וליובי,הוצאה,November,,ויזה 6346
29/10/2025 12:00am,₪30.00,הוצאות משתנות,אחר,לוטו,הוצאה,November,,ויזה 6346
26/10/2025 1:00am,₪24.00,הוצאות משתנות,אחר,לוטו,הוצאה,November,,ויזה 6346
30/10/2025 12:00am,₪287.00,הוצאות משתנות,אחר,משתלה עציצים למשרד,הוצאה,November,,ויזה 6346
30/10/2025 12:00am,₪60.00,הוצאות משתנות,תספורת,,הוצאה,November,,ויזה 6346
2/11/2025 12:00am,₪407.00,הוצאות משתנות,מתנות,מתנה יום הולדת לאבא | שובר ספא,הוצאה,November,,ויזה 6346
7/11/2025 12:00am,₪60.00,הוצאות משתנות,תספורת,,הוצאה,November,,ויזה 6346
15/11/2025 12:00am,₪132.00,הוצאות משתנות,מנוי חיפה,תשלום 7 מתוך 8,הוצאה,November,,ויזה 6346
15/11/2025 12:00am,₪815.00,הוצאות משתנות,מתנות,מתנה יום הולדת לאבא תשלום 2,הוצאה,November,,ויזה 6346
15/11/2025 12:00am,₪322.00,הוצאות משתנות,מיצי,בדיקה שגרתית וטרינר,הוצאה,November,,ויזה 6346
15/11/2025 12:00am,₪150.00,הוצאות משתנות,מתנות,פרחים ליובי,הוצאה,November,,ויזה 6346
20/11/2025 12:00am,₪233.90,הוצאות משתנות,מתנות,יום כיף למיה ונעליים למיה | קניון רמת אביב,הוצאה,December,,ויזה 6346
20/11/2025 12:00am,₪53.80,הוצאות משתנות,אחר,שליחת לוטו פעמיים,הוצאה,December,,ויזה 6346
21/11/2025 12:00am,₪60.00,הוצאות משתנות,תספורת,,הוצאה,December,,ויזה 6346
23/11/2025 12:00am,₪360.00,הוצאות משתנות,מיצי,2 שקי חול ושק אוכל,הוצאה,December,,ויזה 6346
23/11/2025 12:00am,₪198.00,הוצאות משתנות,מיצי,שימורים ושקיות שירותים,הוצאה,December,,ויזה 6346
28/11/2025 12:00am,₪80.00,הוצאות משתנות,מתנות,פרחים ליובי,הוצאה,December,,ויזה 6346
9/12/2025 12:00am,₪60.00,הוצאות משתנות,תספורת,,הוצאה,December,,ויזה 6346
15/12/2025 12:00am,₪132.00,הוצאות משתנות,מנוי חיפה,מנוי חיפה תשלום 8 מתוך 8,הוצאה,December,,ויזה 6346
2/1/2026 12:00am,₪60.00,הוצאות משתנות,מתנות,פרחים ליובי,הוצאה,January,,ויזה 6346
2/1/2026 12:00am,₪60.00,הוצאות משתנות,תספורת,,הוצאה,January,,ויזה 6346
11/1/2026 12:00am,₪24.66,הוצאות משתנות,אחר,עמלות ביט,הוצאה,January,,ויזה 6346
13/1/2026 12:00am,₪60.00,הוצאות משתנות,תספורת,,הוצאה,January,,ויזה 6346
9/9/2025 12:00am,₪7007.00,הכנסות,זיכויים,זיכוי כרטיסי טיסה אלעל אחרי הורדות אשראי כאל,הכנסה,September,,כאל 6660
10/5/2025 12:00am,₪3457.00,הכנסות,יובי העברות,,הכנסה,May,,העברה בנקאית
10/5/2025 12:00am,₪14000.00,הכנסות,משכורת,,הכנסה,May,,צ'ק
10/8/2025 12:00am,₪3276.00,הכנסות,יובי העברות,,הכנסה,August,,העברה בנקאית
10/6/2025 12:00am,₪14000.00,הכנסות,משכורת,,הכנסה,June,,צ'ק
3/8/2025 12:00am,₪500.00,הכנסות,הכנסות חד פעמיות,החזר מזומן של אבא של ממירים,הכנסה,August,,מזומן
1/8/2025 12:00am,₪20173.00,הכנסות,משכורת,משכורת יולי,הכנסה,August,,צ'ק
10/4/2025 12:00am,₪3024.00,הכנסות,יובי העברות,,הכנסה,April,,העברה בנקאית
10/2/2025 12:00am,₪3150.00,הכנסות,יובי העברות,,הכנסה,February,,העברה בנקאית
17/9/2025 12:00am,₪3800.00,הכנסות,יובי העברות,העברה על אוגוסט-ספטמבר,הכנסה,October,,העברה בנקאית
10/3/2025 12:00am,₪3500.00,הכנסות,יובי העברות,,הכנסה,March,,העברה בנקאית
10/1/2025 12:00am,₪2000.00,הכנסות,יובי העברות,,הכנסה,January,,העברה בנקאית
10/2/2025 12:00am,₪14000.00,הכנסות,משכורת,,הכנסה,February,,צ'ק
10/1/2025 12:00am,₪408.00,הכנסות,ביט+פייבוקס,,הכנסה,January,,ביט/פייבוקס
10/8/2025 12:00am,₪14000.00,הכנסות,משכורת,,הכנסה,August,,צ'ק
10/3/2025 12:00am,₪105.00,הכנסות,ביט+פייבוקס,,הכנסה,March,,ביט/פייבוקס
10/2/2025 12:00am,₪480.00,הכנסות,ביט+פייבוקס,,הכנסה,February,,ביט/פייבוקס
10/3/2025 12:00am,₪480.00,הכנסות,עסק צדדי,עיצוב מודעות יובל פיננסים,הכנסה,March,,מזומן
10/4/2025 12:00am,₪460.00,הכנסות,ביט+פייבוקס,,הכנסה,April,,ביט/פייבוקס
10/4/2025 12:00am,₪21663.00,הכנסות,משכורת,,הכנסה,April,,צ'ק
10/7/2025 12:00am,₪14000.00,הכנסות,משכורת,,הכנסה,July,,צ'ק
10/1/2025 12:00am,₪12800.00,הכנסות,משכורת,,הכנסה,January,,צ'ק
10/2/2025 12:00am,₪240.00,הכנסות,זיכויים,,הכנסה,February,,ויזה 6346
10/5/2025 12:00am,₪1000.00,הכנסות,הכנסות חד פעמיות,,הכנסה,May,,העברה בנקאית
10/6/2025 12:00am,₪3000.00,הכנסות,יובי העברות,,הכנסה,June,,העברה בנקאית
9/9/2025 12:00am,₪14000.00,הכנסות,משכורת,,הכנסה,September,,צ'ק
10/3/2025 12:00am,₪14000.00,הכנסות,משכורת,,הכנסה,March,,צ'ק
10/5/2025 12:00am,₪809.00,הכנסות,זיכויים,,הכנסה,May,,ויזה 6346
10/7/2025 12:00am,₪3092.00,הכנסות,יובי העברות,,הכנסה,July,,העברה בנקאית
20/9/2025 12:00am,₪500.00,הכנסות,הכנסות חד פעמיות,מתנה לחתונה משפחת רייזמן,הכנסה,October,,ביט/פייבוקס
26/9/2025 12:00am,₪800.00,הכנסות,הכנסות חד פעמיות,מכירה של שני המסכים,הכנסה,October,,ביט/פייבוקס
28/9/2025 12:00am,₪1200.00,הכנסות,עסק צדדי,תשלום 2 דף נחיתה אלפא-טק,הכנסה,October,,ביט/פייבוקס
12/10/2025 12:00am,₪14000.00,הכנסות,משכורת,,הכנסה,October,,העברה בנקאית
12/10/2025 12:00am,₪3600.00,הכנסות,יובי העברות,,הכנסה,October,,העברה בנקאית
26/10/2025 1:00am,₪500.00,הכנסות,הכנסות חד פעמיות,מענק לאומי,הכנסה,November,,העברה בנקאית
23/10/2025 12:00am,₪400.00,הכנסות,הכנסות חד פעמיות,העברת ביט,הכנסה,November,,ביט/פייבוקס
13/11/2025 12:00am,₪3892.00,הכנסות,יובי העברות,,הכנסה,November,,העברה בנקאית
10/11/2025 12:00am,₪15664.00,הכנסות,משכורת,הוספה של דמי הבראה,הכנסה,November,,העברה בנקאית
7/11/2025 12:00am,₪800.00,הכנסות,ביט+פייבוקס,יובל ודור העברות למתנה של אבא,הכנסה,November,,ביט/פייבוקס
14/11/2025 12:00am,₪500.00,הכנסות,ביט+פייבוקס,מכירת שולחן מחשב,הכנסה,November,,ביט/פייבוקס
27/11/2025 12:00am,₪4665.00,הכנסות,הכנסות חד פעמיות,העברה מחשבון משותף מלונות תאילנד,הכנסה,December,,העברה בנקאית
9/12/2025 12:00am,₪2900.00,הכנסות,עסק צדדי,עיצוב מחדש אתר פיני,הכנסה,December,,ביט/פייבוקס
9/12/2025 12:00am,₪14951.00,הכנסות,משכורת,,הכנסה,December,,העברה בנקאית
9/12/2025 12:00am,₪3240.00,הכנסות,הכנסות חד פעמיות,העברה מחשבון משותף מלונות תאילנד,הכנסה,December,,העברה בנקאית
23/12/2025 12:00am,₪111.00,הכנסות,זיכויים,זיכוי השכרת רכב פוקט,הכנסה,January,,ויזה 6346
24/12/2025 12:00am,₪1052.00,הכנסות,הכנסות חד פעמיות,העברה מחשבון משותף מלון בנגקוק,הכנסה,January,,העברה בנקאית
10/1/2026 12:00am,₪12687.00,הכנסות,משכורת,,הכנסה,January,,הוראת קבע
3/7/2025 12:00am,₪740.00,חתונה,הלבשה,חליפה תשלום 2,הוצאה,July,,ויזה 6346
5/8/2025 12:00am,₪132.00,חתונה,הלבשה,מטפחות מtemu,הוצאה,August,,ויזה 6346
1/9/2025 12:00am,₪740.00,חתונה,הלבשה,חליפה | תשלום 3 מתוך 3,הוצאה,September,,ויזה 6346
14/8/2025 12:00am,₪740.00,חתונה,הלבשה,חליפת תשלום 1,הוצאה,August,,ויזה 6346
16/9/2025 12:00am,₪584.00,חתונה,עיצוב,דפוס הזמנות תפריטים ושלט לכניסה,הוצאה,October,,ויזה 6346
17/9/2025 12:00am,₪230.00,חתונה,הלבשה,חולצה זארה,הוצאה,October,,ויזה 6346
1/9/2025 12:00am,₪474.00,חתונה,הלבשה,נעליים בוס | תשלום 2 מתוך 2,הוצאה,September,,ויזה 6346
16/9/2025 12:00am,₪1450.00,חתונה,הלבשה,טבעות נישואין ,הוצאה,October,,העברה בנקאית
20/7/2025 12:00am,₪475.00,חתונה,הלבשה,נעליים תשלום 1,הוצאה,August,,ויזה 6346
12/8/2025 12:00am,₪500.00,חתונה,מקדמות,מקדמה טבעות נישואין | מזומן,הוצאה,August,,מזומן
4/6/2025 12:00am,₪10000.00,חתונה,מקדמות,מקדמה לאולם,הוצאה,June,,צ'ק
21/9/2025 12:00am,₪202.00,חתונה,הלבשה,בגדים לשבת חתן,הוצאה,October,,ויזה 6346
21/9/2025 12:00am,₪166.00,חתונה,הלבשה,נעליים לאבא,הוצאה,October,,ויזה 6346
5/10/2025 12:00am,₪218.00,חתונה,עיצוב,זר כלה ליובי,הוצאה,October,,ויזה 6346
10/10/2025 12:00am,₪102.00,חתונה,עיצוב,תמונות לקבלת פנים,הוצאה,October,,כאל 6660
15/10/2025 12:00am,₪95.00,חתונה,בגדים,כיפות לכולם,הוצאה,October,,ויזה 6346
16/10/2025 12:00am,₪7.00,חתונה,מקדמות,מעטפות,הוצאה,November,,ויזה 6346
7/11/2025 12:00am,₪166.12,חתונה,ספקים,עמלות ביט על מתנות לחתונה,הוצאה,November,,ויזה 6346
1/2/2025 12:00am,₪218.00,טיפוח אישי,בגדים,אין,הוצאה,February,,ויזה 6346
1/5/2025 12:00am,₪541.00,טיפוח אישי,בגדים,אין,הוצאה,May,,ויזה 6346
24/8/2025 12:00am,₪230.00,טיפוח אישי,פארם וטיפוח,,הוצאה,September,,ויזה 6346
1/4/2025 12:00am,₪690.00,טיפוח אישי,בגדים,אין,הוצאה,April,,ויזה 6346
1/6/2025 12:00am,₪280.00,טיפוח אישי,בגדים,אין,הוצאה,June,,ויזה 6346
22/8/2025 12:00am,₪250.00,טיפוח אישי,בגדים,חולצה מכבי חיפה,הוצאה,September,,ויזה 6346
1/7/2025 12:00am,₪243.00,טיפוח אישי,בגדים,אין,הוצאה,July,,ויזה 6346
26/9/2025 12:00am,₪60.00,טיפוח אישי,תספורת,,הוצאה,October,,ויזה 6346
10/10/2025 12:00am,₪142.00,טיפוח אישי,פארם וטיפוח,,הוצאה,October,,כאל 6660
13/10/2025 12:00am,₪221.97,טיפוח אישי,בגדים,אסוס,הוצאה,October,,ויזה 6346
1/4/2025 12:00am,₪70.00,עסקי,כלים לעבודה,פוטושופ,הוצאה,April,,ויזה 6346
1/6/2025 12:00am,₪54.00,עסקי,הוצאות שיווק,פייסבוק אדס,הוצאה,June,,ויזה 6346
17/9/2025 12:00am,₪86.00,עסקי,כלים לעבודה,Lovable,הוצאה,October,,ויזה 6346
1/2/2025 12:00am,₪1475.00,עסקי,לימודים,רועי ריבק,הוצאה,February,,ויזה 6346
1/1/2025 12:00am,₪1475.00,עסקי,לימודים,רועי ריבק,הוצאה,January,,ויזה 6346
1/4/2025 12:00am,₪39.00,עסקי,כלים לעבודה,Make,הוצאה,April,,ויזה 6346
1/7/2025 12:00am,₪250.00,עסקי,הוצאות שיווק,פייסבוק אדס,הוצאה,July,,ויזה 6346
1/1/2025 12:00am,₪45.00,עסקי,כלים לעבודה,Green API,הוצאה,January,,ויזה 6346
1/4/2025 12:00am,₪30.00,עסקי,כלים לעבודה,iCount,הוצאה,April,,ויזה 6346
1/3/2025 12:00am,₪45.00,עסקי,כלים לעבודה,Green API,הוצאה,March,,ויזה 6346
1/5/2025 12:00am,₪50.00,עסקי,כלים לעבודה,קאנבה,הוצאה,May,,ויזה 6346
1/4/2025 12:00am,₪1475.00,עסקי,לימודים,רועי ריבק,הוצאה,April,,ויזה 6346
30/7/2025 12:00am,₪508.00,עסקי,תשלום לספקים,עיצוב דף נחיתה אושרי,הוצאה,August,,ויזה 6346
31/8/2025 12:00am,₪402.00,עסקי,כלים לעבודה,אלמנטור פרו חידוש שנתי,הוצאה,September,,ויזה 6346
28/8/2025 12:00am,₪45.00,עסקי,כלים לעבודה,קאנבה,הוצאה,September,,ויזה 6346
1/2/2025 12:00am,₪148.00,עסקי,כלים לעבודה,AI,הוצאה,February,,ויזה 6346
1/3/2025 12:00am,₪94.00,עסקי,כלים לעבודה,פייפלוס סליקה,הוצאה,March,,ויזה 6346
1/5/2025 12:00am,₪145.00,עסקי,הוצאות שיווק,פייסבוק אדס,הוצאה,May,,ויזה 6346
1/6/2025 12:00am,₪50.00,עסקי,כלים לעבודה,קאנבה,הוצאה,June,,ויזה 6346
12/8/2025 12:00am,₪103.00,עסקי,כלים לעבודה,OpenAI 3 חודשים קדימה,הוצאה,August,,ויזה 6346
1/2/2025 12:00am,₪370.00,עסקי,כלים לעבודה,פייפלוס סליקה,הוצאה,February,,ויזה 6346
1/2/2025 12:00am,₪30.00,עסקי,כלים לעבודה,iCount,הוצאה,February,,ויזה 6346
30/7/2025 12:00am,₪163.00,עסקי,כלים לעבודה,חידוש דומיין idanalush.digital,הוצאה,August,,ויזה 6346
1/7/2025 12:00am,₪39.00,עסקי,כלים לעבודה,Make,הוצאה,July,,ויזה 6346
1/6/2025 12:00am,₪38.00,עסקי,כלים לעבודה,iCount,הוצאה,June,,ויזה 6346
1/1/2025 12:00am,₪70.00,עסקי,כלים לעבודה,פוטושופ,הוצאה,January,,ויזה 6346
1/5/2025 12:00am,₪38.00,עסקי,כלים לעבודה,iCount,הוצאה,May,,ויזה 6346
1/5/2025 12:00am,₪39.00,עסקי,כלים לעבודה,Make,הוצאה,May,,ויזה 6346
1/7/2025 12:00am,₪1475.00,עסקי,לימודים,רועי ריבק,הוצאה,July,,ויזה 6346
1/3/2025 12:00am,₪75.00,עסקי,כלים לעבודה,AI,הוצאה,March,,ויזה 6346
1/3/2025 12:00am,₪747.00,עסקי,הוצאות שיווק,פייסבוק אדס,הוצאה,March,,ויזה 6346
12/8/2025 12:00am,₪33.00,עסקי,כלים לעבודה,הוסטינגר דומיין,הוצאה,August,,ויזה 6346
1/7/2025 12:00am,₪50.00,עסקי,כלים לעבודה,קאנבה,הוצאה,July,,ויזה 6346
1/6/2025 12:00am,₪1475.00,עסקי,לימודים,רועי ריבק,הוצאה,June,,ויזה 6346
1/4/2025 12:00am,₪140.00,עסקי,כלים לעבודה,Green API,הוצאה,April,,ויזה 6346
1/1/2025 12:00am,₪50.00,עסקי,כלים לעבודה,קאנבה,הוצאה,January,,ויזה 6346
1/2/2025 12:00am,₪15.00,עסקי,כלים לעבודה,Green API,הוצאה,February,,ויזה 6346
31/7/2025 12:00am,₪70.00,עסקי,כלים לעבודה,פוטושופ,הוצאה,August,,ויזה 6346
1/2/2025 12:00am,₪50.00,עסקי,כלים לעבודה,קאנבה,הוצאה,February,,ויזה 6346
17/4/2025 12:00am,₪354.00,עסקי,כלים לעבודה,עסקים עושים עסקים,הוצאה,May,,ויזה 6346
1/9/2025 12:00am,₪38.00,עסקי,כלים לעבודה,iCount,הוצאה,September,,ויזה 6346
1/4/2025 12:00am,₪75.00,עסקי,כלים לעבודה,AI,הוצאה,April,,ויזה 6346
1/4/2025 12:00am,₪50.00,עסקי,כלים לעבודה,קאנבה,הוצאה,April,,ויזה 6346
29/7/2025 12:00am,₪128.00,עסקי,כלים לעבודה,Formflow בונה טפסים חכמים,הוצאה,August,,ויזה 6346
20/8/2025 12:00am,₪202.00,עסקי,כלים לעבודה,צאט AI שנרשמתי בטעות,הוצאה,September,,ויזה 6346
28/7/2025 12:00am,₪45.00,עסקי,כלים לעבודה,קאנבה,הוצאה,August,,ויזה 6346
31/8/2025 12:00am,₪70.00,עסקי,כלים לעבודה,פוטושופ,הוצאה,September,,ויזה 6346
1/4/2025 12:00am,₪94.00,עסקי,כלים לעבודה,פייפלוס סליקה,הוצאה,April,,ויזה 6346
1/8/2025 12:00am,₪1475.00,עסקי,לימודים,רועי ריבק,הוצאה,August,,ויזה 6346
20/8/2025 12:00am,₪37.00,עסקי,כלים לעבודה,MAKE,הוצאה,September,,ויזה 6346
1/2/2025 12:00am,₪70.00,עסקי,כלים לעבודה,פוטושופ,הוצאה,February,,ויזה 6346
1/5/2025 12:00am,₪1475.00,עסקי,לימודים,רועי ריבק,הוצאה,May,,ויזה 6346
2/8/2025 12:00am,₪38.00,עסקי,כלים לעבודה,iCount,הוצאה,August,,ויזה 6346
1/7/2025 12:00am,₪38.00,עסקי,כלים לעבודה,iCount,הוצאה,July,,ויזה 6346
1/7/2025 12:00am,₪37.00,עסקי,כלים לעבודה,Captions,הוצאה,July,,ויזה 6346
1/7/2025 12:00am,₪33.00,עסקי,כלים לעבודה,פוטושופ,הוצאה,July,,ויזה 6346
17/8/2025 12:00am,₪87.00,עסקי,כלים לעבודה,Lovable,הוצאה,September,,ויזה 6346
1/3/2025 12:00am,₪1475.00,עסקי,לימודים,רועי ריבק,הוצאה,March,,ויזה 6346
1/1/2025 12:00am,₪48.00,עסקי,כלים לעבודה,Hostinger,הוצאה,January,,ויזה 6346
1/1/2025 12:00am,₪30.00,עסקי,כלים לעבודה,iCount,הוצאה,January,,ויזה 6346
1/3/2025 12:00am,₪50.00,עסקי,כלים לעבודה,קאנבה,הוצאה,March,,ויזה 6346
1/5/2025 12:00am,₪75.00,עסקי,כלים לעבודה,AI,הוצאה,May,,ויזה 6346
1/3/2025 12:00am,₪30.00,עסקי,כלים לעבודה,iCount,הוצאה,March,,ויזה 6346
1/6/2025 12:00am,₪39.00,עסקי,כלים לעבודה,Make,הוצאה,June,,ויזה 6346
1/6/2025 12:00am,₪37.00,עסקי,כלים לעבודה,Captions,הוצאה,June,,ויזה 6346
1/6/2025 12:00am,₪142.00,עסקי,כלים לעבודה,AI,הוצאה,June,,ויזה 6346
1/3/2025 12:00am,₪39.00,עסקי,כלים לעבודה,Make,הוצאה,March,,ויזה 6346
1/9/2025 12:00am,₪38.00,עסקי,כלים לעבודה,iCount,הוצאה,September,,ויזה 6346
11/9/2025 12:00am,₪1475.00,עסקי,לימודים,רועי,הוצאה,September,,ויזה 6346
1/4/2025 12:00am,₪101.00,עסקי,הוצאות שיווק,פייסבוק אדס,הוצאה,April,,ויזה 6346
1/5/2025 12:00am,₪34.00,עסקי,כלים לעבודה,Hostinger,הוצאה,May,,ויזה 6346
24/9/2025 12:00am,₪343.00,עסקי,כלים לעבודה,פונט פינג לאתר,הוצאה,October,,ויזה 6346
20/9/2025 12:00am,₪36.00,עסקי,כלים לעבודה,MAKE,הוצאה,October,,ויזה 6346
29/9/2025 12:00am,₪410.00,עסקי,כלים לעבודה,קאנבה מנוי שנתי,הוצאה,October,,ויזה 6346
30/9/2025 12:00am,₪70.00,עסקי,כלים לעבודה,אדובי פוטושופ,הוצאה,October,,ויזה 6346
1/10/2025 12:00am,₪37.00,עסקי,כלים לעבודה,iCount,הוצאה,October,,ויזה 6346
11/10/2025 12:00am,₪1475.00,עסקי,לימודים,רועי ריבק ,הוצאה,October,,הוראת קבע
1/11/2025 12:00am,₪37.76,עסקי,כלים לעבודה,iCount,הוצאה,November,,ויזה 6346
3/11/2025 12:00am,₪32.00,עסקי,לימודים,ספר השקעות לעצלנים,הוצאה,November,,ויזה 6346
4/11/2025 12:00am,₪263.73,עסקי,כלים לעבודה,פונטים בעברית פונטאפ,הוצאה,November,,ויזה 6346
4/11/2025 12:00am,₪70.00,עסקי,כלים לעבודה,פוטושופ,הוצאה,November,,ויזה 6346
5/11/2025 12:00am,₪19.37,עסקי,כלים לעבודה,Softgen AI,הוצאה,November,,ויזה 6346
5/11/2025 12:00am,₪67.01,עסקי,כלים לעבודה,OpenAi API Tokens,הוצאה,November,,ויזה 6346
8/11/2025 12:00am,₪38.00,עסקי,לימודים,ספר עידו חגג,הוצאה,November,,ויזה 6346
11/11/2025 12:00am,₪1475.00,עסקי,לימודים,רועי ריבק,הוצאה,November,,ויזה 6346
12/11/2025 12:00am,₪65.92,עסקי,כלים לעבודה,OpenAI API,הוצאה,November,,ויזה 6346
15/11/2025 12:00am,₪263.73,עסקי,כלים לעבודה,פונטים תשלום 2,הוצאה,November,,ויזה 6346
25/11/2025 12:00am,₪703.20,עסקי,כלים לעבודה,מנוי שנתי Freepik,הוצאה,December,,ויזה 6346
8/11/2025 12:00am,₪109.79,עסקי,כלים לעבודה,SOFTGEN AI,הוצאה,November,,ויזה 6346
1/12/2025 12:00am,₪37.76,עסקי,תשלום לספקים,iCount,הוצאה,December,,ויזה 6346
30/11/2025 12:00am,₪70.00,עסקי,כלים לעבודה,Adobe Photoshop,הוצאה,December,,ויזה 6346
12/12/2025 12:00am,₪65.96,עסקי,כלים לעבודה,GPT,הוצאה,December,,ויזה 6346
1/1/2026 12:00am,₪37.76,עסקי,ספקים,iCount,הוצאה,January,,ויזה 6346
4/1/2026 12:00am,₪59.00,עסקי,לימודים,שיווק שותפים,הוצאה,January,,ויזה 6346
12/1/2026 12:00am,₪65.00,עסקי,כלים לעבודה,ChatGPT,הוצאה,January,,ויזה 6346
9/1/2026 12:00am,₪337.00,עסקי,הוצאות שיווק,PropellorADS,הוצאה,January,,ויזה 6346
31/12/2025 12:00am,₪70.00,עסקי,כלים לעבודה,Adobe,הוצאה,January,,ויזה 6346
14/7/2025 12:00am,₪470.00,פנאי,חופשות,מלון דניאל תשלום 1,הוצאה,July,,ויזה 6346
1/1/2025 12:00am,₪1711.00,פנאי,חופשות,צימר בעכו חגיגות שנה,הוצאה,January,,ויזה 6346
14/9/2025 12:00am,₪343.00,פנאי,תאילנד,תאילנד טיסת פנים בנגקוק לצאנג מאי,הוצאה,September,,ויזה 6346
15/9/2025 12:00am,₪124.00,פנאי,תאילנד,רכב שכור פוקט לקראבי,הוצאה,September,,ויזה 6346
14/7/2025 12:00am,₪9.00,פנאי,בילויים,,הוצאה,July,,ויזה 6346
14/7/2025 12:00am,₪161.00,פנאי,בילויים,סרט יום הולדת ליובי,הוצאה,July,,ויזה 6346
1/1/2025 12:00am,₪699.00,פנאי,טיולים,אין,הוצאה,January,,ויזה 6346
15/9/2025 12:00am,₪924.00,פנאי,תאילנד,תאילנד טיסה קוסמוי לפוקט,הוצאה,September,,ויזה 6346
13/9/2025 12:00am,₪380.00,פנאי,תאילנד,מלון לילה בנגקוק,הוצאה,September,,ויזה 6346
11/8/2025 12:00am,₪2635.00,פנאי,תאילנד,תשלום 1 מתוך 5 | טיסה לתאילנד אלעל | כסף שזוכה,הוצאה,August,,כאל 6660
1/9/2025 12:00am,₪470.00,פנאי,בילויים,מלון דניאל יום הולדת יובי | תשלום 2 מתוך 2,הוצאה,September,,ויזה 6346
1/4/2025 12:00am,₪1306.00,פנאי,חופשות,מלון ים סוף,הוצאה,April,,ויזה 6346
1/5/2025 12:00am,₪1306.00,פנאי,חופשות,מלון ים סוף,הוצאה,May,,ויזה 6346
1/6/2025 12:00am,₪1589.00,פנאי,חופשות,מלון ים סוף,הוצאה,June,,ויזה 6346
19/9/2025 12:00am,₪508.00,פנאי,תאילנד,תאילנד | טיסה קראבי לבנגקוק,הוצאה,October,,ויזה 6346
10/10/2025 12:00am,₪2635.00,פנאי,תאילנד,"תשלום 2 מתוך 5 | טיסה לתאילנד אלעל | כסף שזוכה
",הוצאה,October,,כאל 6660
10/10/2025 12:00am,₪380.00,פנאי,תאילנד,מלון לילה בשדה,הוצאה,October,,כאל 6660
1/11/2025 12:00am,₪340.52,פנאי,תאילנד,ביטוח נסיעה לתאילנד,הוצאה,November,,ויזה 6346
13/11/2025 12:00am,₪2635.00,פנאי,תאילנד,תשלום 3 מתוך 5 | טיסה לתאילנד אלעל | כסף שזוכה,הוצאה,November,,כאל 6660
25/11/2025 12:00am,₪52.94,פנאי,תאילנד,חיסונים,הוצאה,December,,ויזה 6346
14/12/2025 12:00am,₪7926.00,פנאי,תאילנד,מלונות תאילנד | כבר כיסוי מהחשבון המשותף,הוצאה,December,,כאל 6660
14/12/2025 12:00am,₪2635.00,פנאי,תאילנד,תשלום 4 מתוך 5 | טיסה לתאילנד אלעל | כסף שזוכה,הוצאה,December,,כאל 6660
29/11/2025 12:00am,₪56.00,פנאי,אטרקציות,קטיף בהוד השרון עם מיה,הוצאה,December,,ויזה 6346
8/12/2025 12:00am,₪99.70,פנאי,תאילנד,רשיון בינלאומי ומשקפי שמש חדשות,הוצאה,December,,ויזה 6346
11/12/2025 12:00am,₪194.00,פנאי,תאילנד,,הוצאה,December,,ויזה 6346
11/12/2025 12:00am,₪35.84,פנאי,תאילנד,פאספורט קארד,הוצאה,December,,ויזה 6346
22/12/2025 12:00am,₪200.00,פנאי,תאילנד,רישיונות וויד ,הוצאה,January,,ביט/פייבוקס
17/12/2025 12:00am,₪9.20,פנאי,תאילנד,ביטוח תאילנד,הוצאה,January,,ויזה 6346
24/1/2026 12:00am,₪2779.00,פנאי,תאילנד,שידרוג לביזנס בחזור,הוצאה,February,,כאל 6660
20/12/2025 12:00am,₪1051.00,פנאי,תאילנד,מלון בנגקוק,הוצאה,January,,כאל 6660
14/12/2025 12:00am,₪377.00,פנאי,תאילנד,מעבורות,הוצאה,December,,כאל 6660
31/12/2025 12:00am,₪2635.81,פנאי,תאילנד,תשלום 5 מתוך 5 | טיסה לתאילנד אלעל | כסף שזוכה,הוצאה,January,,כאל 6660
28/12/2025 12:00am,₪2764.00,פנאי,תאילנד,בגדים ובזבוזים,הוצאה,January,,ויזה 6346
5/1/2026 12:00am,₪55.00,פנאי,אטרקציות,רכבת לסמי עופר,הוצאה,January,,ויזה 6346
28/12/2025 12:00am,₪9481.00,פנאי,תאילנד,כל ההוצאות מהאשראי המשותף החדש בתאילנד,הוצאה,January,,
1/4/2025 12:00am,₪94.00,רכב,חנייה,אין,הוצאה,April,,ויזה 6346
1/9/2025 12:00am,₪474.00,רכב,טסט,תשלום 2 מתוך 3,הוצאה,September,,ויזה 6346
21/7/2025 12:00am,₪19.00,רכב,כביש 6,,הוצאה,August,,ויזה 6346
1/7/2025 12:00am,₪618.00,רכב,דלק,אין,הוצאה,July,,ויזה 6346
27/8/2025 12:00am,₪7.00,רכב,חנייה,פנגו,הוצאה,September,,ויזה 6346
11/9/2025 12:00am,₪440.00,רכב,ביטוח,ביטוח ליברה,הוצאה,September,,ויזה 6346
19/8/2025 12:00am,₪35.00,רכב,שטיפה,,הוצאה,September,,ויזה 6346
1/2/2025 12:00am,₪420.00,רכב,ביטוח,אין,הוצאה,February,,ויזה 6346
4/8/2025 12:00am,₪346.00,רכב,דלק,,הוצאה,August,,ויזה 6346
23/7/2025 12:00am,₪305.00,רכב,דלק,,הוצאה,August,,ויזה 6346
9/9/2025 12:00am,₪120.00,רכב,שטיפה,2 שטיפות,הוצאה,September,,ויזה 6346
1/7/2025 12:00am,₪146.00,רכב,טסט,אין,הוצאה,July,,ויזה 6346
1/5/2025 12:00am,₪420.00,רכב,ביטוח,אין,הוצאה,May,,ויזה 6346
1/4/2025 12:00am,₪420.00,רכב,ביטוח,אין,הוצאה,April,,ויזה 6346
1/1/2025 12:00am,₪420.00,רכב,ביטוח,אין,הוצאה,January,,ויזה 6346
1/3/2025 12:00am,₪960.00,רכב,טיפולים,אין,הוצאה,March,,ויזה 6346
18/7/2025 12:00am,₪60.00,רכב,שטיפה,,הוצאה,August,,ויזה 6346
1/6/2025 12:00am,₪420.00,רכב,ביטוח,אין,הוצאה,June,,ויזה 6346
1/7/2025 12:00am,₪60.00,רכב,חנייה,אין,הוצאה,July,,ויזה 6346
24/6/2025 12:00am,₪474.00,רכב,טסט,טסט תשלום 1,הוצאה,July,,ויזה 6346
25/8/2025 12:00am,₪86.00,רכב,חנייה,cello,הוצאה,September,,ויזה 6346
1/7/2025 12:00am,₪420.00,רכב,ביטוח,אין,הוצאה,July,,ויזה 6346
1/4/2025 12:00am,₪1220.00,רכב,דלק,אין,הוצאה,April,,ויזה 6346
1/7/2025 12:00am,₪40.00,רכב,חנייה,אין,הוצאה,July,,ויזה 6346
1/6/2025 12:00am,₪816.00,רכב,דלק,אין,הוצאה,June,,ויזה 6346
1/5/2025 12:00am,₪338.00,רכב,דוחות,אין,הוצאה,May,,ויזה 6346
14/9/2025 12:00am,₪358.00,רכב,דלק,,הוצאה,September,,ויזה 6346
19/8/2025 12:00am,₪197.43,רכב,דלק,,הוצאה,September,,ויזה 6346
1/8/2025 12:00am,₪420.00,רכב,ביטוח,אין,הוצאה,August,,ויזה 6346
27/7/2025 12:00am,₪65.00,רכב,חנייה,,הוצאה,August,,ויזה 6346
1/6/2025 12:00am,₪338.00,רכב,דוחות,אין,הוצאה,June,,ויזה 6346
1/3/2025 12:00am,₪420.00,רכב,ביטוח,אין,הוצאה,March,,ויזה 6346
1/2/2025 12:00am,₪678.00,רכב,דלק,אין,הוצאה,February,,ויזה 6346
1/7/2025 12:00am,₪320.00,רכב,תיקונים,צמיג חדש לרכב,הוצאה,July,,ויזה 6346
19/8/2025 12:00am,₪550.00,רכב,תיקונים,,הוצאה,September,,ויזה 6346
19/8/2025 12:00am,₪59.00,רכב,שטיפה,,הוצאה,September,,ויזה 6346
1/7/2025 12:00am,₪24.00,רכב,כביש 6,אין,הוצאה,July,,ויזה 6346
14/9/2025 12:00am,₪34.00,רכב,חנייה,,הוצאה,September,,ויזה 6346
21/8/2025 12:00am,₪340.00,רכב,דלק,,הוצאה,September,,ויזה 6346
1/7/2025 12:00am,₪60.00,רכב,שטיפה,אין,הוצאה,July,,ויזה 6346
24/8/2025 12:00am,₪800.00,רכב,טיפולים,,הוצאה,September,,ויזה 6346
31/8/2025 12:00am,₪300.00,רכב,דלק,,הוצאה,September,,ויזה 6346
30/8/2025 12:00am,₪299.00,רכב,דלק,,הוצאה,September,,ויזה 6346
1/3/2025 12:00am,₪356.00,רכב,דלק,אין,הוצאה,March,,ויזה 6346
1/3/2025 12:00am,₪101.00,רכב,חנייה,אין,הוצאה,March,,ויזה 6346
30/8/2025 12:00am,₪5.17,רכב,חנייה,,הוצאה,September,,ויזה 6346
9/9/2025 12:00am,₪34.00,רכב,חנייה,פנגו,הוצאה,September,,ויזה 6346
1/6/2025 12:00am,₪180.00,רכב,חנייה,אין,הוצאה,June,,ויזה 6346
1/6/2025 12:00am,₪29.00,רכב,כביש 6,אין,הוצאה,June,,ויזה 6346
1/2/2025 12:00am,₪151.00,רכב,חנייה,אין,הוצאה,February,,ויזה 6346
1/5/2025 12:00am,₪129.00,רכב,דלק,אין,הוצאה,May,,ויזה 6346
1/4/2025 12:00am,₪558.00,רכב,דוחות,אין,הוצאה,April,,ויזה 6346
24/9/2025 12:00am,₪60.00,רכב,שטיפה,שטיפה,הוצאה,October,,ויזה 6346
21/9/2025 12:00am,₪53.00,רכב,כביש 6,,הוצאה,October,,ויזה 6346
3/10/2025 12:00am,₪300.00,רכב,דלק,Yellow,הוצאה,October,,ויזה 6346
8/10/2025 12:00am,₪15.00,רכב,חניה,,הוצאה,October,,ויזה 6346
10/10/2025 12:00am,₪250.00,רכב,דוחות,דוח חנייה,הוצאה,October,,ויזה 6346
12/10/2025 12:00am,₪26.00,רכב,חניה,,הוצאה,October,,ויזה 6346
12/10/2025 12:00am,₪318.00,רכב,דלק,דלק Yellow,הוצאה,October,,ויזה 6346
15/10/2025 12:00am,₪59.90,רכב,שטיפה,שטיפה,הוצאה,October,,ויזה 6346
23/10/2025 12:00am,₪59.90,רכב,שטיפה,,הוצאה,November,,ויזה 6346
29/10/2025 12:00am,₪1032.00,רכב,טיפולים,טיפול רכב 185 אלף קילומטר,הוצאה,November,,ויזה 6346
26/10/2025 1:00am,₪340.62,רכב,דלק,,הוצאה,November,,ויזה 6346
4/11/2025 12:00am,₪291.42,רכב,דלק,,הוצאה,November,,ויזה 6346
9/11/2025 12:00am,₪398.00,רכב,ביטוח,ביטוח 2026 תשלום 1,הוצאה,November,,ויזה 6346
15/11/2025 12:00am,₪397.80,רכב,ביטוח,תשלום 2 מתוך 10,הוצאה,November,,ויזה 6346
18/11/2025 12:00am,₪10.00,רכב,חניה,המושבה,הוצאה,December,,ויזה 6346
20/11/2025 12:00am,₪324.25,רכב,דלק,,הוצאה,December,,ויזה 6346
28/11/2025 12:00am,₪60.00,רכב,שטיפה,,הוצאה,December,,ויזה 6346
5/12/2025 12:00am,₪120.00,רכב,שטיפה,,הוצאה,December,,ויזה 6346
5/12/2025 12:00am,₪315.83,רכב,דלק,,הוצאה,December,,ויזה 6346
8/12/2025 12:00am,₪95.00,רכב,תיקונים,החלפת נורה שרופה ומגב אחורי,הוצאה,December,,ויזה 6346
15/1/2026 12:00am,₪397.80,רכב,ביטוח,,הוצאה,January,,ויזה 6346
10/1/2026 12:00am,₪308.63,רכב,דלק,,הוצאה,January,,ויזה 6346
1/3/2025 12:00am,₪114.00,תקשורת,אינטרנט,אין,הוצאה,March,,ויזה 6346
1/5/2025 12:00am,₪30.00,תקשורת,סלולר,אין,הוצאה,May,,ויזה 6346
1/4/2025 12:00am,₪114.00,תקשורת,אינטרנט,אין,הוצאה,April,,ויזה 6346
1/2/2025 12:00am,₪53.00,תקשורת,אפל,אין,הוצאה,February,,ויזה 6346
1/6/2025 12:00am,₪53.00,תקשורת,אפל,אין,הוצאה,June,,ויזה 6346
30/8/2025 12:00am,₪5.52,תקשורת,אינטרנט,בזק,הוצאה,September,,ויזה 6346
24/7/2025 12:00am,₪30.00,תקשורת,סלולר,,הוצאה,August,,ויזה 6346
25/8/2025 12:00am,₪30.00,תקשורת,סלולר,פרטנר,הוצאה,September,,ויזה 6346
1/7/2025 12:00am,₪53.00,תקשורת,אפל,אין,הוצאה,July,,ויזה 6346
1/1/2025 12:00am,₪114.00,תקשורת,אינטרנט,אין,הוצאה,January,,ויזה 6346
1/7/2025 12:00am,₪30.00,תקשורת,סלולר,אין,הוצאה,July,,ויזה 6346
18/7/2025 12:00am,₪126.00,תקשורת,אינטרנט,,הוצאה,August,,ויזה 6346
19/8/2025 12:00am,₪8.00,תקשורת,גוגל,Google one,הוצאה,September,,ויזה 6346
1/6/2025 12:00am,₪114.00,תקשורת,אינטרנט,אין,הוצאה,June,,ויזה 6346
1/1/2025 12:00am,₪30.00,תקשורת,סלולר,אין,הוצאה,January,,ויזה 6346
1/6/2025 12:00am,₪30.00,תקשורת,סלולר,אין,הוצאה,June,,ויזה 6346
1/7/2025 12:00am,₪114.00,תקשורת,אינטרנט,אין,הוצאה,July,,ויזה 6346
1/2/2025 12:00am,₪114.00,תקשורת,אינטרנט,אין,הוצאה,February,,ויזה 6346
1/2/2025 12:00am,₪30.00,תקשורת,סלולר,אין,הוצאה,February,,ויזה 6346
1/5/2025 12:00am,₪53.00,תקשורת,אפל,אין,הוצאה,May,,ויזה 6346
1/4/2025 12:00am,₪53.00,תקשורת,אפל,אין,הוצאה,April,,ויזה 6346
15/8/2025 12:00am,₪126.00,תקשורת,אינטרנט,פרטנר ,הוצאה,August,,ויזה 6346
1/3/2025 12:00am,₪30.00,תקשורת,סלולר,אין,הוצאה,March,,ויזה 6346
1/5/2025 12:00am,₪114.00,תקשורת,אינטרנט,אין,הוצאה,May,,ויזה 6346
8/9/2025 12:00am,₪46.00,תקשורת,אפל,,הוצאה,September,,ויזה 6346
1/1/2025 12:00am,₪53.00,תקשורת,אפל,אין,הוצאה,January,,ויזה 6346
1/4/2025 12:00am,₪30.00,תקשורת,סלולר,אין,הוצאה,April,,ויזה 6346
1/3/2025 12:00am,₪53.00,תקשורת,אפל,אין,הוצאה,March,,ויזה 6346
8/8/2025 12:00am,₪46.00,תקשורת,אפל,,הוצאה,August,,ויזה 6346
19/9/2025 12:00am,₪126.00,תקשורת,אינטרנט,פרטנר אינטרנט,הוצאה,October,,ויזה 6346
25/9/2025 12:00am,₪30.00,תקשורת,סלולר,פרטנר טלפון,הוצאה,October,,ויזה 6346
19/9/2025 12:00am,₪8.00,תקשורת,גוגל,Google one,הוצאה,October,,ויזה 6346
27/9/2025 12:00am,₪30.00,תקשורת,אפל,אפליקציה למדיטציה,הוצאה,October,,ויזה 6346
8/10/2025 12:00am,₪45.00,תקשורת,אפל,אפל מיוזיק | iCloud אחסון,הוצאה,October,,ויזה 6346
20/10/2025 12:00am,₪126.00,תקשורת,אינטרנט,אינטרנט פרטנר,הוצאה,November,,ויזה 6346
19/10/2025 12:00am,₪8.00,תקשורת,גוגל,,הוצאה,November,,ויזה 6346
24/10/2025 12:00am,₪30.16,תקשורת,סלולר,פרטנר,הוצאה,November,,ויזה 6346
8/11/2025 12:00am,₪45.00,תקשורת,אפל,,הוצאה,November,,כאל 6660
18/11/2025 12:00am,₪126.07,תקשורת,אינטרנט,,הוצאה,December,,ויזה 6346
24/11/2025 12:00am,₪30.16,תקשורת,סלולר,,הוצאה,December,,ויזה 6346
19/11/2025 12:00am,₪8.00,תקשורת,גוגל,,הוצאה,December,,ויזה 6346
18/12/2025 12:00am,₪126.07,תקשורת,אינטרנט,,הוצאה,January,,ויזה 6346
19/12/2025 12:00am,₪8.00,תקשורת,גוגל,,הוצאה,January,,ויזה 6346
31/12/2025 12:00am,₪71.60,תקשורת,אפל,,הוצאה,January,,כאל 6660
24/12/2025 12:00am,₪30.00,תקשורת,סלולר,פרטנר,הוצאה,January,,ויזה 6346
31/1/2026 6:17pm,₪70.00,עסקי,כלים לעבודה,אדובי פוטושופ ,הוצאה,February,,ויזה 6346
31/1/2026 10:09pm,₪300.00,הוצאות משתנות,ווייד,פרחים ושושנים מלוטם,,February,,ביט/פייבוקס
1/2/2026 7:31am,₪37.76,עסקי,כלים לעבודה,iCount,הוצאה,February,,ויזה 6346
3/2/2026 3:28pm,₪223.00,אוכל,אוכל בחוץ,סאן צהריים עם דור,הוצאה,February,,ויזה 6346
3/2/2026 5:37pm,₪60.00,הוצאות משתנות,תספורת,נאור,הוצאה,February,,ויזה 6346
3/2/2026 8:58pm,₪184.00,בית,מכשירי חשמל,טוסטר לחיצה,הוצאה,February,,ויזה 6346
4/2/2026 10:17am,₪207.00,הכנסות,זיכויים,זיכוי טוסטר Last Price,הכנסה,February,,ויזה 6346
5/2/2026 9:57pm,₪767.00,עסקי,לימודים,ייעוץ שושי דולב,הוצאה,February,,העברה בנקאית
5/2/2026 9:58pm,₪400.00,בריאות,פסיכולוגית,נורית,הוצאה,February,,ביט/פייבוקס
6/2/2026 10:21am,₪62.87,תקשורת,אינטרנט,טלוויזיה רוסית,הוצאה,February,,כאל 6660
7/2/2026 2:08pm,₪292.00,רכב,דלק,,הוצאה,February,,ויזה 6346
7/2/2026 7:19pm,₪235.00,אוכל,אוכל בחוץ,שווארמה 11 דליה,הוצאה,February,,0439 ויזה משותף
8/2/2026 8:27am,₪46.00,תקשורת,אפל,,הוצאה,February,,ויזה 6346
8/2/2026 10:01am,₪380.00,רכב,תיקונים,צמיג קידמי ימני חדש,הוצאה,February,,ויזה 6346
9/2/2026 8:12pm,₪80.00,אוכל,אוכל בחוץ,פיצה האט,הוצאה,February,,ויזה 6346
10/2/2026 9:59pm,₪60.00,עסקי,כלים לעבודה,Claude,הוצאה,February,,ויזה 6346
11/2/2026 8:01pm,₪185.00,אוכל,סופר,סבן,הוצאה,February,,0439 ויזה משותף
11/2/2026 9:45pm,₪37.00,תקשורת,גוגל,חבילת פרימיום טלוויזיו,הוצאה,February,,ויזה 6346
12/2/2026 1:22pm,₪55.00,אוכל,אוכל בחוץ,יאשקה,הוצאה,February,,ויזה 6346
11/2/2026 1:12am,₪4100.00,בית,שכר דירה,,הוצאה,February,,צ'ק
13/2/2026 8:34am,₪10.00,אוכל,מזדמנים,קפה קמיליה ,הוצאה,February,,ויזה 6346
13/2/2026 9:41am,₪169.00,אוכל,אוכל בחוץ,ארוחת בוקר כפר תבור,הוצאה,February,,0439 ויזה משותף
13/2/2026 1:27pm,₪13.00,אוכל,מזדמנים,,הוצאה,February,,0439 ויזה משותף
13/2/2026 9:45pm,₪250.00,אוכל,מסעדות,מסעדת טוטי כפר תבור,הוצאה,February,,0439 ויזה משותף
14/2/2026 11:02am,₪54.00,אוכל,מסעדות,קפה בכפר כנא,הוצאה,February,,0439 ויזה משותף
14/2/2026 12:58pm,₪42.00,אוכל,מזדמנים,משק אופיר יין,הוצאה,February,,0439 ויזה משותף
14/2/2026 3:59pm,₪200.00,אוכל,מסעדות,מגדי,הוצאה,February,,0439 ויזה משותף
16/1/2026 8:18pm,₪120.00,בית,אחר,כביסה ד״ר קלין,הוצאה,February,,ויזה 6346
16/1/2026 8:19pm,₪271.00,בריאות,תרופות,,הוצאה,February,,ויזה 6346
17/1/2026 8:19pm,₪175.00,אוכל,אוכל בחוץ,ג'חנון בצרה לכל המשפחה,הוצאה,February,,ביט/פייבוקס
18/2/2026 8:21pm,₪126.00,תקשורת,אינטרנט,פרטנר,הוצאה,March,,ויזה 6346
21/1/2026 8:22pm,₪12.00,פנאי,אחר,לוטו,הוצאה,February,,ויזה 6346
22/1/2026 5:37pm,₪60.00,הוצאות משתנות,תספורת,נאור,הוצאה,February,,ויזה 6346
22/1/2026 8:24pm,₪40.00,אוכל,מזדמנים,עוגיות אלפחורס מהזקנה במשרד,הוצאה,February,,ביט/פייבוקס
22/1/2026 1:22pm,₪55.00,אוכל,אוכל בחוץ,יאשקה,הוצאה,February,,ביט/פייבוקס
24/1/2026 8:27pm,₪60.00,אוכל,אוכל בחוץ,דלי קרים של שישי,הוצאה,February,,ויזה 6346
26/1/2026 8:34pm,₪329.00,רכב,דלק,,הוצאה,February,,ויזה 6346
27/1/2026 8:41pm,₪70.00,עסקי,כלים לעבודה,אור פיאלקוב | wp rocket,הוצאה,February,,ביט/פייבוקס
27/1/2026 8:42pm,₪11.57,רכב,חניה,פנגו,הוצאה,February,,הוראת קבע
28/1/2026 8:44pm,₪67.00,אוכל,אוכל בחוץ,מאמא שווארמה,הוצאה,February,,ויזה 6346
29/1/2026 8:46pm,₪35.00,אוכל,אוכל בחוץ,חומסישקין,הוצאה,February,,ויזה 6346
30/1/2026 8:47pm,₪150.00,הוצאות משתנות,מתנות,פרחים ליובי,הוצאה,February,,ויזה 6346
30/1/2026 8:49pm,₪120.00,רכב,שטיפה,,הוצאה,February,,ויזה 6346
31/1/2026 8:49pm,₪300.00,הוצאות משתנות,וויד,ביט לוטם,הוצאה,February,,ביט/פייבוקס
31/1/2026 8:51pm,₪18.00,הוצאות משתנות,אחר,דמי כרטיס,הוצאה,February,,ויזה 6346
3/2/2026 8:54pm,₪69.22,בריאות,ביטוח בריאות,הראל בריאות,הוצאה,February,,הוראת קבע
10/2/2026 8:58pm,₪28.00,רכב,חניה,תו חנייה הוד השרון,הוצאה,February,,ויזה 6346
14/2/2026 9:02pm,₪47.00,עסקי,כלים לעבודה,קלוד אקסטרה קרדיט'ס,הוצאה,February,,ויזה 6346
14/2/2026 9:18pm,₪2480.00,אוכל,סופר,סבן | 12 עסקאות,הוצאה,February,,כאל 6660
4/2/2026 9:19pm,₪137.00,הוצאות משתנות,מיצי,אוכל רטוב שימורים,הוצאה,February,,כאל 6660
7/2/2026 9:20pm,₪11.90,תקשורת,אפל,דרך פייפל,הוצאה,February,,כאל 6660
10/2/2026 9:38pm,₪14000.00,הכנסות,משכורת,,הכנסה,February,,העברה בנקאית
19/2/2026 7:02pm,₪60.00,הוצאות משתנות,תספורת,,הוצאה,March,,ויזה 6346
19/2/2026 7:05pm,₪30.00,הוצאות משתנות,ווייד,נייר גלגול ,הוצאה,March,,ויזה 6346
19/2/2026 8:14pm,₪334.00,רכב,דלק,,הוצאה,March,,ויזה 6346
20/2/2026 4:42pm,₪16.00,אוכל,מזדמנים,ארטיק,הוצאה,March,,ויזה 6346
20/2/2026 4:59pm,₪35.00,רכב,שטיפה,,הוצאה,March,,ויזה 6346
25/2/2026 12:23am,₪95.00,אוכל,משלוחים,וולט נשנושים ליגת האלופות,הוצאה,March,,ויזה 6346
25/2/2026 2:05pm,₪35.00,אוכל,אוכל בחוץ,חומוס בעבודה,הוצאה,March,,ביט/פייבוקס
25/2/2026 7:52pm,₪400.00,בריאות,פסיכולוגית,,הוצאה,March,,ביט/פייבוקס
25/2/2026 8:30pm,₪400.00,הוצאות משתנות,ווייד,,הוצאה,March,,ויזה משותף 0439
26/2/2026 12:55pm,₪84.00,רכב,כביש 6,נסיעה לצפון כפר תבור ,הוצאה,March,,ויזה 6346
26/2/2026 2:23pm,₪60.00,אוכל,אוכל בחוץ,צהריים מאמא,הוצאה,March,,ביט/פייבוקס
27/2/2026 3:22pm,₪120.00,הוצאות משתנות,מתנות,פרחים ליובי,הוצאה,March,,ויזה 6346
28/2/2026 10:36am,₪740.00,אוכל,סופר,סבן,הוצאה,March,,ויזה משותף 0439
1/3/2026 11:21am,₪27.00,אוכל,מזדמנים,רולדין ,הוצאה,March,,ויזה משותף 0439
1/3/2026 7:20pm,₪37.00,עסקי,כלים לעבודה,iCount,הוצאה,March,,ויזה 6346
1/3/2026 8:50pm,₪253.00,רכב,דלק,,הוצאה,March,,ויזה 6346
2/3/2026 9:27am,₪52.00,אוכל,סופר,סבן,הוצאה,March,,ויזה משותף 0439
2/3/2026 9:33am,₪7.90,אוכל,סופר,,הוצאה,March,,ויזה משותף 0439
4/3/2026 4:56pm,₪41.00,תקשורת,אינטרנט,טלוויזיה AntiFriz,הוצאה,March,,ויזה 6346
4/3/2026 11:18pm,₪78.00,אוכל,אוכל בחוץ,אבולעפיה,הוצאה,March,,ויזה משותף 0439
4/3/2026 11:24pm,₪27.00,אוכל,אוכל בחוץ,אבולעפיה,הוצאה,March,,ויזה משותף 0439
6/3/2026 10:08am,₪60.00,הוצאות משתנות,תספורת,,הוצאה,March,,ויזה 6346
6/3/2026 10:26am,₪388.00,בית,מכשירי חשמל,סטרימרים לאמא ,הוצאה,March,,ויזה 6346
7/3/2026 1:16pm,₪278.00,אוכל,סופר,סבן,הוצאה,March,,ויזה משותף 0439
8/3/2026 12:22pm,₪42.00,אוכל,מזדמנים,רולדין,הוצאה,March,,ויזה משותף 0439
12/3/2026 3:24pm,₪100.00,הוצאות משתנות,מתנות,תרומה שנתית לתת,הוצאה,March,,ביט/פייבוקס
12/3/2026 3:25pm,₪148.00,אוכל,אוכל בחוץ,מקדולנס עם שרון ,הוצאה,March,,ויזה 6346
12/3/2026 9:41pm,₪800.00,הוצאות משתנות,ווייד,20 גרם רפאל,הוצאה,March,,ויזה משותף 0439
12/3/2026 10:19pm,₪110.00,אוכל,אוכל בחוץ,סודוך,הוצאה,March,,ויזה משותף 0439
12/3/2026 10:35pm,₪36.00,אוכל,מזדמנים,ארטיקים ,הוצאה,March,,ויזה משותף 0439
10/3/2026 1:42am,₪14000.00,הכנסות,משכורת,,הכנסה,March,,
13/3/2026 3:03am,₪220.00,בית,אלי אקספרס,דברים לבית ולמשרד,הוצאה,March,,ויזה 6346
13/3/2026 3:05am,₪140.00,בית,אלי אקספרס,נעליים ומפוח אוויר,הוצאה,March,,ויזה 6346
13/3/2026 1:42pm,₪55.00,אוכל,אוכל בחוץ,אוכל מוכן בגי ,הוצאה,March,,ויזה משותף 0439
13/3/2026 1:45pm,₪30.00,אוכל,אוכל בחוץ,בורקס,הוצאה,March,,ויזה משותף 0439
10/3/2026 2:56pm,₪4100.00,בית,שכר דירה,,הוצאה,March,,צ'ק
14/3/2026 1:29pm,₪230.00,אוכל,סופר,סבן,הוצאה,March,,ויזה משותף 0439
16/3/2026 2:14pm,₪15.00,אוכל,מזדמנים,סלטים לצהריים מיאשקה,הוצאה,April,,ויזה 6346
17/3/2026 2:53pm,₪12.50,רכב,חנייה,,הוצאה,April,,ויזה 6346
17/3/2026 6:07pm,₪60.00,הוצאות משתנות,תספורת,,הוצאה,April,,ויזה 6346
18/3/2026 6:04pm,₪315.00,רכב,דלק,,הוצאה,April,,ויזה 6346
15/12/2025 12:00am,₪397.80,רכב,ביטוח,,הוצאה,December,,ויזה 6346
15/2/2026 12:00am,₪397.80,רכב,ביטוח,,הוצאה,February,,ויזה 6346
15/3/2026 12:00am,₪397.80,רכב,ביטוח,,הוצאה,March,,ויזה 6346
18/1/2026 8:21pm,₪126.00,תקשורת,אינטרנט,פרטנר,הוצאה,February,,ויזה 6346
18/3/2026 8:21pm,₪126.00,תקשורת,אינטרנט,פרטנר,הוצאה,April,,ויזה 6346
24/1/2026 12:00am,₪30.00,תקשורת,סלולר,פרטנר,הוצאה,February,,ויזה 6346
24/2/2026 12:00am,₪30.00,תקשורת,סלולר,פרטנר,הוצאה,March,,ויזה 6346
18/3/2026 12:00am,₪30.00,תקשורת,סלולר,פרטנר,הוצאה,April,,ויזה 6346
3/3/2026 8:54pm,₪69.22,בריאות,ביטוח בריאות,הראל בריאות,הוצאה,March,,הוראת קבע
13/3/2026 8:56pm,₪33.00,רכב,אחר,חנות נוחות תחנת דלק,הוצאה,March,,ויזה 6346
28/2/2026 9:04pm,₪18.00,עסקי,אחר,דמי כרטיס,הוצאה,March,,ויזה 6346